"","Name","First","Last","URL"
"1","Kobe Bryant","Kobe","Bryant","http://www.basketball-reference.com/players/b/bryanko01/gamelog/2016"
"2","Joe Johnson","Joe","Johnson","http://www.basketball-reference.com/players/j/johnsjo02/gamelog/2016"
"3","LeBron James","LeBron","James","http://www.basketball-reference.com/players/j/jamesle01/gamelog/2016"
"4","Carmelo Anthony","Carmelo","Anthony","http://www.basketball-reference.com/players/a/anthoca01/gamelog/2016"
"5","Dwight Howard","Dwight","Howard","http://www.basketball-reference.com/players/h/howardw01/gamelog/2016"
"6","Chris Bosh","Chris","Bosh","http://www.basketball-reference.com/players/b/boshch01/gamelog/2016"
"7","Chris Paul","Chris","Paul","http://www.basketball-reference.com/players/p/paulch01/gamelog/2016"
"8","Kevin Durant","Kevin","Durant","http://www.basketball-reference.com/players/d/duranke01/gamelog/2016"
"9","Derrick Rose","Derrick","Rose","http://www.basketball-reference.com/players/r/rosede01/gamelog/2016"
"10","Dwyane Wade","Dwyane","Wade","http://www.basketball-reference.com/players/w/wadedw01/gamelog/2016"
"11","Brook Lopez","Brook","Lopez","http://www.basketball-reference.com/players/l/lopezbr01/gamelog/2016"
"12","Marc Gasol","Marc","Gasol","http://www.basketball-reference.com/players/g/gasolma01/gamelog/2016"
"13","LaMarcus Aldridge","LaMarcus","Aldridge","http://www.basketball-reference.com/players/a/aldrila01/gamelog/2016"
"14","DeAndre Jordan","DeAndre","Jordan","http://www.basketball-reference.com/players/j/jordade01/gamelog/2016"
"15","Kevin Love","Kevin","Love","http://www.basketball-reference.com/players/l/loveke01/gamelog/2016"
"16","Paul Millsap","Paul","Millsap","http://www.basketball-reference.com/players/m/millspa01/gamelog/2016"
"17","Blake Griffin","Blake","Griffin","http://www.basketball-reference.com/players/g/griffbl01/gamelog/2016"
"18","Paul George","Paul","George","http://www.basketball-reference.com/players/g/georgpa01/gamelog/2016"
"19","Russell Westbrook","Russell","Westbrook","http://www.basketball-reference.com/players/w/westbru01/gamelog/2016"
"20","Kawhi Leonard","Kawhi","Leonard","http://www.basketball-reference.com/players/l/leonaka01/gamelog/2016"
"21","Enes Kanter","Enes","Kanter","http://www.basketball-reference.com/players/k/kanteen01/gamelog/2016"
"22","Greg Monroe","Greg","Monroe","http://www.basketball-reference.com/players/m/monrogr01/gamelog/2016"
"23","Wesley Matthews","Wesley","Matthews","http://www.basketball-reference.com/players/m/matthwe01/gamelog/2016"
"24","Tobias Harris","Tobias","Harris","http://www.basketball-reference.com/players/h/harrito02/gamelog/2016"
"25","John Wall","John","Wall","http://www.basketball-reference.com/players/w/walljo01/gamelog/2016"
"26","James Harden","James","Harden","http://www.basketball-reference.com/players/h/hardeja01/gamelog/2016"
"27","Eric Gordon","Eric","Gordon","http://www.basketball-reference.com/players/g/gordoer01/gamelog/2016"
"28","Roy Hibbert","Roy","Hibbert","http://www.basketball-reference.com/players/h/hibbero01/gamelog/2016"
"29","Klay Thompson","Klay","Thompson","http://www.basketball-reference.com/players/t/thompkl01/gamelog/2016"
"30","David Lee","David","Lee","http://www.basketball-reference.com/players/l/leeda02/gamelog/2016"
"31","Gordon Hayward","Gordon","Hayward","http://www.basketball-reference.com/players/h/haywago01/gamelog/2016"
"32","Chandler Parsons","Chandler","Parsons","http://www.basketball-reference.com/players/p/parsoch01/gamelog/2016"
"33","Jimmy Butler","Jimmy","Butler","http://www.basketball-reference.com/players/b/butleji01/gamelog/2016"
"34","Khris Middleton","Khris","Middleton","http://www.basketball-reference.com/players/m/middlkh01/gamelog/2016"
"35","Goran Dragic","Goran","Dragic","http://www.basketball-reference.com/players/d/dragigo01/gamelog/2016"
"36","Kyrie Irving","Kyrie","Irving","http://www.basketball-reference.com/players/i/irvinky01/gamelog/2016"
"37","DeMarcus Cousins","DeMarcus","Cousins","http://www.basketball-reference.com/players/c/couside01/gamelog/2016"
"38","Draymond Green","Draymond","Green","http://www.basketball-reference.com/players/g/greendr01/gamelog/2016"
"39","Tristan Thompson","Tristan","Thompson","http://www.basketball-reference.com/players/t/thomptr01/gamelog/2016"
"40","Reggie Jackson","Reggie","Jackson","http://www.basketball-reference.com/players/j/jacksre01/gamelog/2016"
"41","Danilo Gallinari","Danilo","Gallinari","http://www.basketball-reference.com/players/g/gallida01/gamelog/2016"
"42","Al Jefferson","Al","Jefferson","http://www.basketball-reference.com/players/j/jeffeal01/gamelog/2016"
"43","DeMarre Carroll","DeMarre","Carroll","http://www.basketball-reference.com/players/c/carrode01/gamelog/2016"
"44","Tony Parker","Tony","Parker","http://www.basketball-reference.com/players/p/parketo01/gamelog/2016"
"45","Joakim Noah","Joakim","Noah","http://www.basketball-reference.com/players/n/noahjo01/gamelog/2016"
"46","Eric Bledsoe","Eric","Bledsoe","http://www.basketball-reference.com/players/b/bledser01/gamelog/2016"
"47","Nene Hilario","Nene","Hilario","http://www.basketball-reference.com/players/h/hilarne01/gamelog/2016"
"48","Tyson Chandler","Tyson","Chandler","http://www.basketball-reference.com/players/c/chandty01/gamelog/2016"
"49","Robin Lopez","Robin","Lopez","http://www.basketball-reference.com/players/l/lopezro01/gamelog/2016"
"50","Ty Lawson","Ty","Lawson","http://www.basketball-reference.com/players/l/lawsoty01/gamelog/2016"
"51","Rudy Gay","Rudy","Gay","http://www.basketball-reference.com/players/g/gayru01/gamelog/2016"
"52","Ricky Rubio","Ricky","Rubio","http://www.basketball-reference.com/players/r/rubiori01/gamelog/2016"
"53","Serge Ibaka","Serge","Ibaka","http://www.basketball-reference.com/players/i/ibakase01/gamelog/2016"
"54","Nicolas Batum","Nicolas","Batum","http://www.basketball-reference.com/players/b/batumni01/gamelog/2016"
"55","Nikola Pekovic","Nikola","Pekovic","http://www.basketball-reference.com/players/p/pekovni01/gamelog/2016"
"56","Kyle Lowry","Kyle","Lowry","http://www.basketball-reference.com/players/l/lowryky01/gamelog/2016"
"57","Brandon Knight","Brandon","Knight","http://www.basketball-reference.com/players/k/knighbr01/gamelog/2016"
"58","JaVale McGee","JaVale","McGee","http://www.basketball-reference.com/players/m/mcgeeja01/gamelog/2016"
"59","Andrew Bogut","Andrew","Bogut","http://www.basketball-reference.com/players/b/bogutan01/gamelog/2016"
"60","Kemba Walker","Kemba","Walker","http://www.basketball-reference.com/players/w/walkeke02/gamelog/2016"
"61","Amir Johnson","Amir","Johnson","http://www.basketball-reference.com/players/j/johnsam01/gamelog/2016"
"62","Al Horford","Al","Horford","http://www.basketball-reference.com/players/h/horfoal01/gamelog/2016"
"63","Derrick Favors","Derrick","Favors","http://www.basketball-reference.com/players/f/favorde01/gamelog/2016"
"64","Andre Iguodala","Andre","Iguodala","http://www.basketball-reference.com/players/i/iguodan01/gamelog/2016"
"65","Stephen Curry","Stephen","Curry","http://www.basketball-reference.com/players/c/curryst01/gamelog/2016"
"66","Nikola Vucevic","Nikola","Vucevic","http://www.basketball-reference.com/players/v/vucevni01/gamelog/2016"
"67","Kenneth Faried","Kenneth","Faried","http://www.basketball-reference.com/players/f/farieke01/gamelog/2016"
"68","Tyreke Evans","Tyreke","Evans","http://www.basketball-reference.com/players/e/evansty01/gamelog/2016"
"69","Marcin Gortat","Marcin","Gortat","http://www.basketball-reference.com/players/g/gortama01/gamelog/2016"
"70","Thaddeus Young","Thaddeus","Young","http://www.basketball-reference.com/players/y/youngth01/gamelog/2016"
"71","Omer Asik","Omer","Asik","http://www.basketball-reference.com/players/a/asikom01/gamelog/2016"
"72","Jrue Holiday","Jrue","Holiday","http://www.basketball-reference.com/players/h/holidjr01/gamelog/2016"
"73","Wilson Chandler","Wilson","Chandler","http://www.basketball-reference.com/players/c/chandwi01/gamelog/2016"
"74","Monta Ellis","Monta","Ellis","http://www.basketball-reference.com/players/e/ellismo01/gamelog/2016"
"75","Luol Deng","Luol","Deng","http://www.basketball-reference.com/players/d/denglu01/gamelog/2016"
"76","Gerald Wallace","Gerald","Wallace","http://www.basketball-reference.com/players/w/wallage01/gamelog/2016"
"77","Danny Green","Danny","Green","http://www.basketball-reference.com/players/g/greenda01/gamelog/2016"
"78","Zach Randolph","Zach","Randolph","http://www.basketball-reference.com/players/r/randoza01/gamelog/2016"
"79","Anderson Varejao","Anderson","Varejao","http://www.basketball-reference.com/players/v/varejan01/gamelog/2016"
"80","Mike Conley","Mike","Conley","http://www.basketball-reference.com/players/c/conlemi01/gamelog/2016"
"81","DeMar DeRozan","DeMar","DeRozan","http://www.basketball-reference.com/players/d/derozde01/gamelog/2016"
"82","Rajon Rondo","Rajon","Rondo","http://www.basketball-reference.com/players/r/rondora01/gamelog/2016"
"83","Alec Burks","Alec","Burks","http://www.basketball-reference.com/players/b/burksal01/gamelog/2016"
"84","Jeff Green","Jeff","Green","http://www.basketball-reference.com/players/g/greenje02/gamelog/2016"
"85","Lance Stephenson","Lance","Stephenson","http://www.basketball-reference.com/players/s/stephla01/gamelog/2016"
"86","Iman Shumpert","Iman","Shumpert","http://www.basketball-reference.com/players/s/shumpim01/gamelog/2016"
"87","Ryan Anderson","Ryan","Anderson","http://www.basketball-reference.com/players/a/anderry01/gamelog/2016"
"88","Kevin Garnett","Kevin","Garnett","http://www.basketball-reference.com/players/g/garneke01/gamelog/2016"
"89","Taj Gibson","Taj","Gibson","http://www.basketball-reference.com/players/g/gibsota01/gamelog/2016"
"90","Tiago Splitter","Tiago","Splitter","http://www.basketball-reference.com/players/s/splitti01/gamelog/2016"
"91","Brandon Jennings","Brandon","Jennings","http://www.basketball-reference.com/players/j/jennibr01/gamelog/2016"
"92","Dirk Nowitzki","Dirk","Nowitzki","http://www.basketball-reference.com/players/n/nowitdi01/gamelog/2016"
"93","Corey Brewer","Corey","Brewer","http://www.basketball-reference.com/players/b/breweco01/gamelog/2016"
"94","Trevor Ariza","Trevor","Ariza","http://www.basketball-reference.com/players/a/arizatr01/gamelog/2016"
"95","Markieff Morris","Markieff","Morris","http://www.basketball-reference.com/players/m/morrima02/gamelog/2016"
"96","Arron Afflalo","Arron","Afflalo","http://www.basketball-reference.com/players/a/afflaar01/gamelog/2016"
"97","O.J. Mayo","OJ","Mayo","http://www.basketball-reference.com/players/m/mayooj01/gamelog/2016"
"98","George Hill","George","Hill","http://www.basketball-reference.com/players/h/hillge01/gamelog/2016"
"99","Jeff Teague","Jeff","Teague","http://www.basketball-reference.com/players/t/teaguje01/gamelog/2016"
"100","Ersan Ilyasova","Ersan","Ilyasova","http://www.basketball-reference.com/players/i/ilyaser01/gamelog/2016"
"101","Channing Frye","Channing","Frye","http://www.basketball-reference.com/players/f/fryech01/gamelog/2016"
"102","Avery Bradley","Avery","Bradley","http://www.basketball-reference.com/players/b/bradlav01/gamelog/2016"
"103","Kosta Koufos","Kosta","Koufos","http://www.basketball-reference.com/players/k/koufoko01/gamelog/2016"
"104","Al-Farouq Aminu","AlFarouq","Aminu","http://www.basketball-reference.com/players/a/aminual01/gamelog/2016"
"105","Pau Gasol","Pau","Gasol","http://www.basketball-reference.com/players/g/gasolpa01/gamelog/2016"
"106","Jose Calderon","Jose","Calderon","http://www.basketball-reference.com/players/c/caldejo01/gamelog/2016"
"107","Kevin Martin","Kevin","Martin","http://www.basketball-reference.com/players/m/martike01/gamelog/2016"
"108","Anthony Davis","Anthony","Davis","http://www.basketball-reference.com/players/d/davisan01/gamelog/2016"
"109","Cory Joseph","Cory","Joseph","http://www.basketball-reference.com/players/j/josepco01/gamelog/2016"
"110","Boris Diaw","Boris","Diaw","http://www.basketball-reference.com/players/d/diawbo01/gamelog/2016"
"111","Ed Davis","Ed","Davis","http://www.basketball-reference.com/players/d/davised01/gamelog/2016"
"112","Lou Williams","Lou","Williams","http://www.basketball-reference.com/players/w/willilo02/gamelog/2016"
"113","Marvin Williams","Marvin","Williams","http://www.basketball-reference.com/players/w/willima01/gamelog/2016"
"114","Isaiah Thomas","Isaiah","Thomas","http://www.basketball-reference.com/players/t/thomais02/gamelog/2016"
"115","J.J. Redick","JJ","Redick","http://www.basketball-reference.com/players/r/redicjj01/gamelog/2016"
"116","Greivis Vasquez","Greivis","Vasquez","http://www.basketball-reference.com/players/v/vasqugr01/gamelog/2016"
"117","Carl Landry","Carl","Landry","http://www.basketball-reference.com/players/l/landrca01/gamelog/2016"
"118","Rodney Stuckey","Rodney","Stuckey","http://www.basketball-reference.com/players/s/stuckro01/gamelog/2016"
"119","Patrick Beverley","Patrick","Beverley","http://www.basketball-reference.com/players/b/beverpa01/gamelog/2016"
"120","Aron Baynes","Aron","Baynes","http://www.basketball-reference.com/players/b/baynear01/gamelog/2016"
"121","Jason Thompson","Jason","Thompson","http://www.basketball-reference.com/players/t/thompja02/gamelog/2016"
"122","Marco Belinelli","Marco","Belinelli","http://www.basketball-reference.com/players/b/belinma01/gamelog/2016"
"123","Michael Kidd-Gilchrist","Michael","KiddGilchrist","http://www.basketball-reference.com/players/k/kiddgmi01/gamelog/2016"
"124","Jarrett Jack","Jarrett","Jack","http://www.basketball-reference.com/players/j/jackja01/gamelog/2016"
"125","Jodie Meeks","Jodie","Meeks","http://www.basketball-reference.com/players/m/meeksjo01/gamelog/2016"
"126","Patrick Patterson","Patrick","Patterson","http://www.basketball-reference.com/players/p/pattepa01/gamelog/2016"
"127","Gerald Henderson","Gerald","Henderson","http://www.basketball-reference.com/players/h/hendege01/gamelog/2016"
"128","Jae Crowder","Jae","Crowder","http://www.basketball-reference.com/players/c/crowdja01/gamelog/2016"
"129","Andrew Wiggins","Andrew","Wiggins","http://www.basketball-reference.com/players/w/wiggian01/gamelog/2016"
"130","Kyle Korver","Kyle","Korver","http://www.basketball-reference.com/players/k/korveky01/gamelog/2016"
"131","Karl-Anthony Towns","KarlAnthony","Towns","http://www.basketball-reference.com/players/t/townska01/gamelog/2016"
"132","Bradley Beal","Bradley","Beal","http://www.basketball-reference.com/players/b/bealbr01/gamelog/2016"
"133","Courtney Lee","Courtney","Lee","http://www.basketball-reference.com/players/l/leeco01/gamelog/2016"
"134","Jamal Crawford","Jamal","Crawford","http://www.basketball-reference.com/players/c/crawfja01/gamelog/2016"
"135","Martell Webster","Martell","Webster","http://www.basketball-reference.com/players/w/webstma01/gamelog/2016"
"136","J.J. Hickson","JJ","Hickson","http://www.basketball-reference.com/players/h/hicksjj01/gamelog/2016"
"137","Josh McRoberts","Josh","McRoberts","http://www.basketball-reference.com/players/m/mcrobjo01/gamelog/2016"
"138","Shaun Livingston","Shaun","Livingston","http://www.basketball-reference.com/players/l/livinsh01/gamelog/2016"
"139","Spencer Hawes","Spencer","Hawes","http://www.basketball-reference.com/players/h/hawessp01/gamelog/2016"
"140","Nikola Mirotic","Nikola","Mirotic","http://www.basketball-reference.com/players/m/mirotni01/gamelog/2016"
"141","Mirza Teletovic","Mirza","Teletovic","http://www.basketball-reference.com/players/t/teletmi01/gamelog/2016"
"142","P.J. Tucker","PJ","Tucker","http://www.basketball-reference.com/players/t/tuckepj01/gamelog/2016"
"143","Brandan Wright","Brandan","Wright","http://www.basketball-reference.com/players/w/wrighbr03/gamelog/2016"
"144","Deron Williams","Deron","Williams","http://www.basketball-reference.com/players/w/willide01/gamelog/2016"
"145","Deron Williams","Deron","Williams","http://www.basketball-reference.com/players/w/willide01/gamelog/2016"
"146","Josh Smith","Josh","Smith","http://www.basketball-reference.com/players/s/smithjo02/gamelog/2016"
"147","Nick Young","Nick","Young","http://www.basketball-reference.com/players/y/youngni01/gamelog/2016"
"148","Zaza Pachulia","Zaza","Pachulia","http://www.basketball-reference.com/players/p/pachuza01/gamelog/2016"
"149","Victor Oladipo","Victor","Oladipo","http://www.basketball-reference.com/players/o/oladivi01/gamelog/2016"
"150","Tony Allen","Tony","Allen","http://www.basketball-reference.com/players/a/allento01/gamelog/2016"
"151","Jabari Parker","Jabari","Parker","http://www.basketball-reference.com/players/p/parkeja01/gamelog/2016"
"152","Dion Waiters","Dion","Waiters","http://www.basketball-reference.com/players/w/waitedi01/gamelog/2016"
"153","D'Angelo Russell","DAngelo","Russell","http://www.basketball-reference.com/players/r/russeda01/gamelog/2016"
"154","Darren Collison","Darren","Collison","http://www.basketball-reference.com/players/c/collida01/gamelog/2016"
"155","Tim Duncan","Tim","Duncan","http://www.basketball-reference.com/players/d/duncati01/gamelog/2016"
"156","Chris Kaman","Chris","Kaman","http://www.basketball-reference.com/players/k/kamanch01/gamelog/2016"
"157","C.J. Watson","CJ","Watson","http://www.basketball-reference.com/players/w/watsocj01/gamelog/2016"
"158","Kyle Singler","Kyle","Singler","http://www.basketball-reference.com/players/s/singlky01/gamelog/2016"
"159","Chris Andersen","Chris","Andersen","http://www.basketball-reference.com/players/a/anderch01/gamelog/2016"
"160","Chase Budinger","Chase","Budinger","http://www.basketball-reference.com/players/b/budinch01/gamelog/2016"
"161","Marcus Morris","Marcus","Morris","http://www.basketball-reference.com/players/m/morrima02/gamelog/2016"
"162","J.R. Smith","JR","Smith","http://www.basketball-reference.com/players/s/smithjr01/gamelog/2016"
"163","Jonas Jerebko","Jonas","Jerebko","http://www.basketball-reference.com/players/j/jerebjo01/gamelog/2016"
"164","Timofey Mozgov","Timofey","Mozgov","http://www.basketball-reference.com/players/m/mozgoti01/gamelog/2016"
"165","Derrick Williams","Derrick","Williams","http://www.basketball-reference.com/players/w/willide01/gamelog/2016"
"166","Trevor Booker","Trevor","Booker","http://www.basketball-reference.com/players/b/booketr01/gamelog/2016"
"167","Otto Porter","Otto","Porter","http://www.basketball-reference.com/players/p/porteot01/gamelog/2016"
"168","Jonas Valanciunas","Jonas","Valanciunas","http://www.basketball-reference.com/players/v/valanjo01/gamelog/2016"
"169","Joel Embiid","Joel","Embiid","http://www.basketball-reference.com/players/e/embiijo01/gamelog/2016"
"170","Kris Humphries","Kris","Humphries","http://www.basketball-reference.com/players/h/humphkr01/gamelog/2016"
"171","Jahlil Okafor","Jahlil","Okafor","http://www.basketball-reference.com/players/o/okafoja01/gamelog/2016"
"172","Jameer Nelson","Jameer","Nelson","http://www.basketball-reference.com/players/n/nelsoja01/gamelog/2016"
"173","Mike Dunleavy","Mike","Dunleavy","http://www.basketball-reference.com/players/d/dunlemi01/gamelog/2016"
"174","C.J. Miles","CJ","Miles","http://www.basketball-reference.com/players/m/milescj01/gamelog/2016"
"175","Jason Smith","Jason","Smith","http://www.basketball-reference.com/players/s/smithja02/gamelog/2016"
"176","Alexis Ajinca","Alexis","Ajinca","http://www.basketball-reference.com/players/a/ajincal01/gamelog/2016"
"177","Mario Chalmers","Mario","Chalmers","http://www.basketball-reference.com/players/c/chalmma01/gamelog/2016"
"178","Jared Dudley","Jared","Dudley","http://www.basketball-reference.com/players/d/dudleja01/gamelog/2016"
"179","Damian Lillard","Damian","Lillard","http://www.basketball-reference.com/players/l/lillada01/gamelog/2016"
"180","Cody Zeller","Cody","Zeller","http://www.basketball-reference.com/players/z/zelleco01/gamelog/2016"
"181","Aaron Gordon","Aaron","Gordon","http://www.basketball-reference.com/players/g/gordoaa01/gamelog/2016"
"182","Kristaps Porzingis","Kristaps","Porzingis","http://www.basketball-reference.com/players/p/porzikr01/gamelog/2016"
"183","Vince Carter","Vince","Carter","http://www.basketball-reference.com/players/c/cartevi01/gamelog/2016"
"184","Devin Harris","Devin","Harris","http://www.basketball-reference.com/players/h/harride01/gamelog/2016"
"185","Alan Anderson","Alan","Anderson","http://www.basketball-reference.com/players/a/anderal01/gamelog/2016"
"186","Nemanja Bjelica","Nemanja","Bjelica","http://www.basketball-reference.com/players/b/bjeline01/gamelog/2016"
"187","Jordan Hill","Jordan","Hill","http://www.basketball-reference.com/players/h/hilljo01/gamelog/2016"
"188","Ian Mahinmi","Ian","Mahinmi","http://www.basketball-reference.com/players/m/mahinia01/gamelog/2016"
"189","J.J. Barea","JJ","Barea","http://www.basketball-reference.com/players/b/bareajo01/gamelog/2016/"
"190","Thabo Sefolosha","Thabo","Sefolosha","http://www.basketball-reference.com/players/s/sefolth01/gamelog/2016"
"191","Raymond Felton","Raymond","Felton","http://www.basketball-reference.com/players/f/feltora01/gamelog/2016"
"192","Harrison Barnes","Harrison","Barnes","http://www.basketball-reference.com/players/b/barneha02/gamelog/2016"
"193","Marreese Speights","Marreese","Speights","http://www.basketball-reference.com/players/s/speigma01/gamelog/2016"
"194","Alex Len","Alex","Len","http://www.basketball-reference.com/players/l/lenal01/gamelog/2016"
"195","Dante Exum","Dante","Exum","http://www.basketball-reference.com/players/e/exumda01/gamelog/2016"
"196","Nick Collison","Nick","Collison","http://www.basketball-reference.com/players/c/collini01/gamelog/2016"
"197","Steve Novak","Steve","Novak","http://www.basketball-reference.com/players/n/novakst01/gamelog/2016"
"198","Kyle O'Quinn","Kyle","OQuinn","http://www.basketball-reference.com/players/o/oquinky01/gamelog/2016"
"199","Mario Hezonja","Mario","Hezonja","http://www.basketball-reference.com/players/h/hezonma01/gamelog/2016"
"200","Lavoy Allen","Lavoy","Allen","http://www.basketball-reference.com/players/a/allenla01/gamelog/2016"
"201","Anthony Bennett","Anthony","Bennett","http://www.basketball-reference.com/players/b/bennean01/gamelog/2016"
"202","Patrick Mills","Patrick","Mills","http://www.basketball-reference.com/players/m/millspa01/gamelog/2016"
"203","Terrence Ross","Terrence","Ross","http://www.basketball-reference.com/players/r/rosste01/gamelog/2016"
"204","Matt Barnes","Matt","Barnes","http://www.basketball-reference.com/players/b/barnema02/gamelog/2016"
"205","Nerlens Noel","Nerlens","Noel","http://www.basketball-reference.com/players/n/noelne01/gamelog/2016"
"206","Marcus Smart","Marcus","Smart","http://www.basketball-reference.com/players/s/smartma01/gamelog/2016"
"207","Bojan Bogdanovic","Bojan","Bogdanovic","http://www.basketball-reference.com/players/b/bogdabo02/gamelog/2016"
"208","Evan Turner","Evan","Turner","http://www.basketball-reference.com/players/t/turneev01/gamelog/2016"
"209","Paul Pierce","Paul","Pierce","http://www.basketball-reference.com/players/p/piercpa01/gamelog/2016"
"210","Willie Cauley-Stein","Willie","CauleyStein","http://www.basketball-reference.com/players/c/caulewi01/gamelog/2016"
"211","Quincy Pondexter","Quincy","Pondexter","http://www.basketball-reference.com/players/p/pondequ01/gamelog/2016"
"212","Anthony Morrow","Anthony","Morrow","http://www.basketball-reference.com/players/m/morroan01/gamelog/2016"
"213","K.J. McDaniels","KJ","McDaniels","http://www.basketball-reference.com/players/m/mcdankj01/gamelog/2016"
"214","Will Barton","Will","Barton","http://www.basketball-reference.com/players/b/bartowi01/gamelog/2016"
"215","Mike Scott","Mike","Scott","http://www.basketball-reference.com/players/s/scottmi01/gamelog/2016"
"216","Drew Gooden","Drew","Gooden","http://www.basketball-reference.com/players/g/goodedr01/gamelog/2016"
"217","Andre Drummond","Andre","Drummond","http://www.basketball-reference.com/players/d/drumman01/gamelog/2016"
"218","Randy Foye","Randy","Foye","http://www.basketball-reference.com/players/f/foyera01/gamelog/2016"
"219","Ben McLemore","Ben","McLemore","http://www.basketball-reference.com/players/m/mclembe01/gamelog/2016"
"220","Julius Randle","Julius","Randle","http://www.basketball-reference.com/players/r/randlju01/gamelog/2016"
"221","Emmanuel Mudiay","Emmanuel","Mudiay","http://www.basketball-reference.com/players/m/mudiaem01/gamelog/2016"
"222","Austin Rivers","Austin","Rivers","http://www.basketball-reference.com/players/r/riverau01/gamelog/2016"
"223","Meyers Leonard","Meyers","Leonard","http://www.basketball-reference.com/players/l/leoname01/gamelog/2016"
"224","Norris Cole","Norris","Cole","http://www.basketball-reference.com/players/c/coleno01/gamelog/2016"
"225","Jeremy Lamb","Jeremy","Lamb","http://www.basketball-reference.com/players/l/lambje01/gamelog/2016"
"226","Tibor Pleiss","Tibor","Pleiss","http://www.basketball-reference.com/players/p/pleisti01/gamelog/2016"
"227","Bismack Biyombo","Bismack","Biyombo","http://www.basketball-reference.com/players/b/biyombi01/gamelog/2016"
"228","Luis Scola","Luis","Scola","http://www.basketball-reference.com/players/s/scolalu01/gamelog/2016"
"229","Omri Casspi","Omri","Casspi","http://www.basketball-reference.com/players/c/casspom01/gamelog/2016"
"230","D.J. Augustin","DJ","Augustin","http://www.basketball-reference.com/players/a/augusdj01/gamelog/2016"
"231","Dante Cunningham","Dante","Cunningham","http://www.basketball-reference.com/players/c/cunnida01/gamelog/2016"
"232","Jerryd Bayless","Jerryd","Bayless","http://www.basketball-reference.com/players/b/bayleje01/gamelog/2016"
"233","Brandon Bass","Brandon","Bass","http://www.basketball-reference.com/players/b/bassbr01/gamelog/2016"
"234","Anthony Tolliver","Anthony","Tolliver","http://www.basketball-reference.com/players/t/tollian01/gamelog/2016"
"235","John Henson","John","Henson","http://www.basketball-reference.com/players/h/hensojo01/gamelog/2016"
"236","Maurice Harkless","Maurice","Harkless","http://www.basketball-reference.com/players/h/harklma01/gamelog/2016"
"237","Kentavious Caldwell-Pope","Kentavious","CaldwellPope","http://www.basketball-reference.com/players/c/caldwke01/gamelog/2016"
"238","Kirk Hinrich","Kirk","Hinrich","http://www.basketball-reference.com/players/h/hinriki01/gamelog/2016"
"239","Nik Stauskas","Nik","Stauskas","http://www.basketball-reference.com/players/s/stausni01/gamelog/2016"
"240","Mike Miller","Mike","Miller","http://www.basketball-reference.com/players/m/millemi01/gamelog/2016"
"241","Udonis Haslem","Udonis","Haslem","http://www.basketball-reference.com/players/h/hasleud01/gamelog/2016"
"242","Brian Roberts","Brian","Roberts","http://www.basketball-reference.com/players/r/roberbr01/gamelog/2016"
"243","Stanley Johnson","Stanley","Johnson","http://www.basketball-reference.com/players/j/johnsst01/gamelog/2016"
"244","Manu Ginobili","Manu","Ginobili","http://www.basketball-reference.com/players/g/ginobma01/gamelog/2016"
"245","Darrell Arthur","Darrell","Arthur","http://www.basketball-reference.com/players/a/arthuda01/gamelog/2016"
"246","Sonny Weems","Sonny","Weems","http://www.basketball-reference.com/players/w/weemsso01/gamelog/2016"
"247","Kevin Seraphin","Kevin","Seraphin","http://www.basketball-reference.com/players/s/serapke01/gamelog/2016"
"248","Trey Burke","Trey","Burke","http://www.basketball-reference.com/players/b/burketr01/gamelog/2016"
"249","Noah Vonleh","Noah","Vonleh","http://www.basketball-reference.com/players/v/vonleno01/gamelog/2016"
"250","Tyler Zeller","Tyler","Zeller","http://www.basketball-reference.com/players/z/zellety01/gamelog/2016"
"251","Frank Kaminsky","Frank","Kaminsky","http://www.basketball-reference.com/players/k/kaminfr01/gamelog/2016"
"252","C.J. McCollum","CJ","McCollum","http://www.basketball-reference.com/players/m/mccolcj01/gamelog/2016"
"253","Elfrid Payton","Elfrid","Payton","http://www.basketball-reference.com/players/p/paytoel01/gamelog/2016"
"254","James Johnson","James","Johnson","http://www.basketball-reference.com/players/j/johnsja01/gamelog/2016"
"255","Leandro Barbosa","Leandro","Barbosa","http://www.basketball-reference.com/players/b/barbole01/gamelog/2016"
"256","Joel Anthony","Joel","Anthony","http://www.basketball-reference.com/players/a/anthojo01/gamelog/2016"
"257","Terrence Jones","Terrence","Jones","http://www.basketball-reference.com/players/j/joneste01/gamelog/2016"
"258","Justise Winslow","Justise","Winslow","http://www.basketball-reference.com/players/w/winslju01/gamelog/2016"
"259","Shelvin Mack","Shelvin","Mack","http://www.basketball-reference.com/players/m/macksh01/gamelog/2016"
"260","Michael Carter-Williams","Michael","CarterWilliams","http://www.basketball-reference.com/players/c/cartemi01/gamelog/2016"
"261","Andrew Nicholson","Andrew","Nicholson","http://www.basketball-reference.com/players/n/nichoan01/gamelog/2016"
"262","Doug McDermott","Doug","McDermott","http://www.basketball-reference.com/players/m/mcderdo01/gamelog/2016"
"263","Myles Turner","Myles","Turner","http://www.basketball-reference.com/players/t/turnemy01/gamelog/2016"
"264","Evan Fournier","Evan","Fournier","http://www.basketball-reference.com/players/f/fournev01/gamelog/2016"
"265","Donatas Motiejunas","Donatas","Motiejunas","http://www.basketball-reference.com/players/m/motiedo01/gamelog/2016"
"266","Steven Adams","Steven","Adams","http://www.basketball-reference.com/players/a/adamsst01/gamelog/2016"
"267","Jared Sullinger","Jared","Sullinger","http://www.basketball-reference.com/players/s/sullija01/gamelog/2016"
"268","Joe Ingles","Joe","Ingles","http://www.basketball-reference.com/players/i/inglejo01/gamelog/2016"
"269","Trey Lyles","Trey","Lyles","http://www.basketball-reference.com/players/l/lylestr01/gamelog/2016"
"270","Tony Wroten","Tony","Wroten","http://www.basketball-reference.com/players/w/wroteto01/gamelog/2016"
"271","Ramon Sessions","Ramon","Sessions","http://www.basketball-reference.com/players/s/sessira01/gamelog/2016"
"272","Beno Udrih","Beno","Udrih","http://www.basketball-reference.com/players/u/udrihbe01/gamelog/2016"
"273","Danny Granger","Danny","Granger","http://www.basketball-reference.com/players/g/grangda01/gamelog/2016"
"274","Steve Blake","Steve","Blake","http://www.basketball-reference.com/players/b/blakest01/gamelog/2016"
"275","Kelly Olynyk","Kelly","Olynyk","http://www.basketball-reference.com/players/o/olynyke01/gamelog/2016"
"276","Zach LaVine","Zach","LaVine","http://www.basketball-reference.com/players/l/lavinza01/gamelog/2016"
"277","Kendall Marshall","Kendall","Marshall","http://www.basketball-reference.com/players/m/marshke01/gamelog/2016"
"278","Devin Booker","Devin","Booker","http://www.basketball-reference.com/players/b/bookede01/gamelog/2016"
"279","Miles Plumlee","Miles","Plumlee","http://www.basketball-reference.com/players/p/plumlmi01/gamelog/2016"
"280","Gary Neal","Gary","Neal","http://www.basketball-reference.com/players/n/nealga01/gamelog/2016"
"281","Mo Williams","Mo","Williams","http://www.basketball-reference.com/players/w/willimo01/gamelog/2016"
"282","Jeremy Lin","Jeremy","Lin","http://www.basketball-reference.com/players/l/linje01/gamelog/2016"
"283","Shabazz Muhammad","Shabazz","Muhammad","http://www.basketball-reference.com/players/m/muhamsh01/gamelog/2016"
"284","T.J. Warren","TJ","Warren","http://www.basketball-reference.com/players/w/warretj01/gamelog/2016"
"285","Cameron Payne","Cameron","Payne","http://www.basketball-reference.com/players/p/payneca01/gamelog/2016"
"286","Festus Ezeli","Festus","Ezeli","http://www.basketball-reference.com/players/e/ezelife01/gamelog/2016"
"287","DeJuan Blair","DeJuan","Blair","http://www.basketball-reference.com/players/b/blairde01/gamelog/2016"
"288","Aaron Brooks","Aaron","Brooks","http://www.basketball-reference.com/players/b/brookaa01/gamelog/2016"
"289","Kent Bazemore","Kent","Bazemore","http://www.basketball-reference.com/players/b/bazemke01/gamelog/2016"
"290","Giannis Antetokounmpo","Giannis","Antetokounmpo","http://www.basketball-reference.com/players/a/antetgi01/gamelog/2016"
"291","Adreian Payne","Adreian","Payne","http://www.basketball-reference.com/players/p/paynead01/gamelog/2016"
"292","Kelly Oubre","Kelly","Oubre","http://www.basketball-reference.com/players/o/oubreke01/gamelog/2016"
"293","Lucas Nogueira","Lucas","Nogueira","http://www.basketball-reference.com/players/n/noguelu01/gamelog/2016"
"294","Jusuf Nurkic","Jusuf","Nurkic","http://www.basketball-reference.com/players/n/nurkiju01/gamelog/2016"
"295","Terry Rozier","Terry","Rozier","http://www.basketball-reference.com/players/r/roziete01/gamelog/2016"
"296","Dennis Schroder","Dennis","Schroder","http://www.basketball-reference.com/players/s/schrode01/gamelog/2016"
"297","James Young","James","Young","http://www.basketball-reference.com/players/y/youngja01/gamelog/2016"
"298","Rashad Vaughn","Rashad","Vaughn","http://www.basketball-reference.com/players/v/vaughra01/gamelog/2016"
"299","Ryan Kelly","Ryan","Kelly","http://www.basketball-reference.com/players/k/kellyry01/gamelog/2016"
"300","Joffrey Lauvergne","Joffrey","Lauvergne","http://www.basketball-reference.com/players/l/lauvejo01/gamelog/2016"
"301","Tyler Ennis","Tyler","Ennis","http://www.basketball-reference.com/players/e/ennisty01/gamelog/2016"
"302","Lance Thomas","Lance","Thomas","http://www.basketball-reference.com/players/t/thomala01/gamelog/2016"
"303","Lou Amundson","Lou","Amundson","http://www.basketball-reference.com/players/a/amundlo01/gamelog/2016"
"304","Sam Dekker","Sam","Dekker","http://www.basketball-reference.com/players/d/dekkesa01/gamelog/2016"
"305","Sergey Karasev","Sergey","Karasev","http://www.basketball-reference.com/players/k/karasse01/gamelog/2016"
"306","Gary Harris","Gary","Harris","http://www.basketball-reference.com/players/h/harriga01/gamelog/2016"
"307","Jerian Grant","Jerian","Grant","http://www.basketball-reference.com/players/g/grantje01/gamelog/2016"
"308","Tony Snell","Tony","Snell","http://www.basketball-reference.com/players/s/snellto01/gamelog/2016"
"309","Bruno Caboclo","Bruno","Caboclo","http://www.basketball-reference.com/players/c/cabocbr01/gamelog/2016"
"310","Delon Wright","Delon","Wright","http://www.basketball-reference.com/players/w/wrighde01/gamelog/2016"
"311","Shane Larkin","Shane","Larkin","http://www.basketball-reference.com/players/l/larkish01/gamelog/2016"
"312","Wayne Ellington","Wayne","Ellington","http://www.basketball-reference.com/players/e/ellinwa01/gamelog/2016"
"313","Kendrick Perkins","Kendrick","Perkins","http://www.basketball-reference.com/players/p/perkike01/gamelog/2016"
"314","Matt Bonner","Matt","Bonner","http://www.basketball-reference.com/players/b/bonnema01/gamelog/2016"
"315","Rasual Butler","Rasual","Butler","http://www.basketball-reference.com/players/b/butlera01/gamelog/2016"
"316","Caron Butler","Caron","Butler","http://www.basketball-reference.com/players/b/butleca01/gamelog/2016"
"317","Ronnie Price","Ronnie","Price","http://www.basketball-reference.com/players/p/pricero01/gamelog/2016"
"318","Tayshaun Prince","Tayshaun","Prince","http://www.basketball-reference.com/players/p/princta01/gamelog/2016"
"319","Andre Miller","Andre","Miller","http://www.basketball-reference.com/players/m/millean01/gamelog/2016"
"320","Amar'e Stoudemire","Amare","Stoudemire","http://www.basketball-reference.com/players/s/stoudam01/gamelog/2016"
"321","Metta World Peace","Metta","World","http://www.basketball-reference.com/players/a/artesro01/gamelog/2016/"
"322","Jason Terry","Jason","Terry","http://www.basketball-reference.com/players/t/terryja01/gamelog/2016"
"323","Mike Miller","Mike","Miller","http://www.basketball-reference.com/players/m/millemi01/gamelog/2016"
"324","Samuel Dalembert","Samuel","Dalembert","http://www.basketball-reference.com/players/d/dalemsa01/gamelog/2016"
"325","Charlie Villanueva","Charlie","Villanueva","http://www.basketball-reference.com/players/v/villach01/gamelog/2016"
"326","David West","David","West","http://www.basketball-reference.com/players/w/westda01/gamelog/2016"
"327","Josh Smith","Josh","Smith","http://www.basketball-reference.com/players/s/smithjo02/gamelog/2016"
"328","James Jones","James","Jones","http://www.basketball-reference.com/players/j/jonesja02/gamelog/2016"
"329","Richard Jefferson","Richard","Jefferson","http://www.basketball-reference.com/players/j/jefferi01/gamelog/2016"
"330","Gorgui Dieng","Gorgui","Dieng","http://www.basketball-reference.com/players/d/dienggo01/gamelog/2016"
"331","Mitch McGary","Mitch","McGary","http://www.basketball-reference.com/players/m/mcgarmi01/gamelog/2016"
"332","Justin Anderson","Justin","Anderson","http://www.basketball-reference.com/players/a/anderju01/gamelog/2016"
"333","Mason Plumlee","Mason","Plumlee","http://www.basketball-reference.com/players/p/plumlma01/gamelog/2016"
"334","Jordan Adams","Jordan","Adams","http://www.basketball-reference.com/players/a/adamsjo01/gamelog/2016"
"335","Bobby Portis","Bobby","Portis","http://www.basketball-reference.com/players/p/portibo01/gamelog/2016"
"336","Alonzo Gee","Alonzo","Gee","http://www.basketball-reference.com/players/g/geeal01/gamelog/2016"
"337","Andrea Bargnani","Andrea","Bargnani","http://www.basketball-reference.com/players/b/bargnan01/gamelog/2016"
"338","Solomon Hill","Solomon","Hill","http://www.basketball-reference.com/players/h/hillso01/gamelog/2016"
"339","Sasha Vujacic","Sasha","Vujacic","http://www.basketball-reference.com/players/v/vujacsa01/gamelog/2016"
"340","Gerald Green","Gerald","Green","http://www.basketball-reference.com/players/g/greenge01/gamelog/2016"
"341","Rodney Hood","Rodney","Hood","http://www.basketball-reference.com/players/h/hoodro01/gamelog/2016"
"342","Rondae Hollis-Jefferson","Rondae","HollisJefferson","http://www.basketball-reference.com/players/h/holliro01/gamelog/2016"
"343","Tim Hardaway","Tim","Hardaway","http://www.basketball-reference.com/players/h/hardati01/gamelog/2016"
"344","Nikola Jokic","Nikola","Jokic","http://www.basketball-reference.com/players/j/jokicni01/gamelog/2016"
"345","Sasha Kaun","Sasha","Kaun","http://www.basketball-reference.com/players/k/kaunsa01/gamelog/2016"
"346","Shabazz Napier","Shabazz","Napier","http://www.basketball-reference.com/players/n/napiesh01/gamelog/2016"
"347","Tyus Jones","Tyus","Jones","http://www.basketball-reference.com/players/j/jonesty01/gamelog/2016"
"348","Luc Mbah a Moute","Luc","Mbah","http://www.basketball-reference.com/players/m/mbahalu01/gamelog/2016/"
"349","Brandon Rush","Brandon","Rush","http://www.basketball-reference.com/players/r/rushbr01/gamelog/2016"
"350","Cartier Martin","Cartier","Martin","http://www.basketball-reference.com/players/m/martica01/gamelog/2016"
"351","JaVale McGee","JaVale","McGee","http://www.basketball-reference.com/players/m/mcgeeja01/gamelog/2016"
"352","Reggie Bullock","Reggie","Bullock","http://www.basketball-reference.com/players/b/bullore01/gamelog/2016"
"353","Clint Capela","Clint","Capela","http://www.basketball-reference.com/players/c/capelca01/gamelog/2016/"
"354","Jarell Martin","Jarell","Martin","http://www.basketball-reference.com/players/m/martija01/gamelog/2016"
"355","P.J. Hairston","PJ","Hairston","http://www.basketball-reference.com/players/h/hairspj02/gamelog/2016"
"356","Boban Marjanovic","Boban","Marjanovic","http://www.basketball-reference.com/players/m/marjabo01/gamelog/2016"
"357","Jordan Mickey","Jordan","Mickey","http://www.basketball-reference.com/players/m/mickejo01/gamelog/2016"
"358","Marcus Thornton","Marcus","Thornton","http://www.basketball-reference.com/players/t/thornma01/gamelog/2016"
"359","Tyler Hansbrough","Tyler","Hansbrough","http://www.basketball-reference.com/players/h/hansbty01/gamelog/2016"
"360","Rudy Gobert","Rudy","Gobert","http://www.basketball-reference.com/players/g/goberru01/gamelog/2016"
"361","Toney Douglas","Toney","Douglas","http://www.basketball-reference.com/players/d/douglto01/gamelog/2016"
"362","Archie Goodwin","Archie","Goodwin","http://www.basketball-reference.com/players/g/goodwar01/gamelog/2016"
"363","C.J. Wilcox","CJ","Wilcox","http://www.basketball-reference.com/players/w/wilcocj01/gamelog/2016"
"364","Larry Nance Jr.","Larry","Nance","http://www.basketball-reference.com/players/n/nancela02/gamelog/2016"
"365","Damjan Rudez","Damjan","Rudez","http://www.basketball-reference.com/players/r/rudezda01/gamelog/2016"
"366","R.J. Hunter","RJ","Hunter","http://www.basketball-reference.com/players/h/hunterj01/gamelog/2016"
"367","Matthew Dellavedova","Matthew","Dellavedova","http://www.basketball-reference.com/players/d/dellama01/gamelog/2016"
"368","Kyle Anderson","Kyle","Anderson","http://www.basketball-reference.com/players/a/anderky01/gamelog/2016"
"369","Josh Huestis","Josh","Huestis","http://www.basketball-reference.com/players/h/huestjo01/gamelog/2016"
"370","Chris McCullough","Chris","McCullough","http://www.basketball-reference.com/players/m/mcculch01/gamelog/2016"
"371","Kevon Looney","Kevon","Looney","http://www.basketball-reference.com/players/l/looneke01/gamelog/2016"
"372","Garrett Temple","Garrett","Temple","http://www.basketball-reference.com/players/t/templga01/gamelog/2016"
"373","Ish Smith","Ish","Smith","http://www.basketball-reference.com/players/s/smithis01/gamelog/2016"
"374","Jeremy Evans","Jeremy","Evans","http://www.basketball-reference.com/players/e/evansje01/gamelog/2016"
"375","Cole Aldrich","Cole","Aldrich","http://www.basketball-reference.com/players/a/aldrico01/gamelog/2016"
"376","Wesley Johnson","Wesley","Johnson","http://www.basketball-reference.com/players/j/johnswe01/gamelog/2016"
"377","Luke Babbitt","Luke","Babbitt","http://www.basketball-reference.com/players/b/babbilu01/gamelog/2016"
"378","Chris Copeland","Chris","Copeland","http://www.basketball-reference.com/players/c/copelch01/gamelog/2016"
"379","Ryan Hollins","Ryan","Hollins","http://www.basketball-reference.com/players/h/holliry01/gamelog/2016"
"380","Richaun Holmes","Richaun","Holmes","http://www.basketball-reference.com/players/h/holmeri01/gamelog/2016"
"381","Jon Leuer","Jon","Leuer","http://www.basketball-reference.com/players/l/leuerjo01/gamelog/2016"
"382","James Anderson","James","Anderson","http://www.basketball-reference.com/players/a/anderja01/gamelog/2016"
"383","Joey Dorsey","Joey","Dorsey","http://www.basketball-reference.com/players/d/dorsejo01/gamelog/2016"
"384","E'Twaun Moore","ETwaun","Moore","http://www.basketball-reference.com/players/m/mooreet01/gamelog/2016"
"385","Donald Sloan","Donald","Sloan","http://www.basketball-reference.com/players/s/sloando01/gamelog/2016"
"386","Raul Neto","Raul","Neto","http://www.basketball-reference.com/players/n/netora01/gamelog/2016"
"387","Robert Covington","Robert","Covington","http://www.basketball-reference.com/players/c/covinro01/gamelog/2016"
"388","Joseph Young","Joseph","Young","http://www.basketball-reference.com/players/y/youngjo01/gamelog/2016"
"389","Rakeem Christmas","Rakeem","Christmas","http://www.basketball-reference.com/players/c/chrisra01/gamelog/2016"
"390","Montrezl Harrell","Montrezl","Harrell","http://www.basketball-reference.com/players/h/harremo01/gamelog/2016"
"391","Walter Tavares","Walter","Tavares","http://www.basketball-reference.com/players/t/tavarwa01/gamelog/2016"
"392","Quincy Acy","Quincy","Acy","http://www.basketball-reference.com/players/a/acyqu01/gamelog/2016"
"393","Hassan Whiteside","Hassan","Whiteside","http://www.basketball-reference.com/players/w/whiteha01/gamelog/2016"
"394","Robert Sacre","Robert","Sacre","http://www.basketball-reference.com/players/s/sacrero01/gamelog/2016"
"395","Pablo Prigioni","Pablo","Prigioni","http://www.basketball-reference.com/players/p/prigipa01/gamelog/2016"
"396","Jared Cunningham","Jared","Cunningham","http://www.basketball-reference.com/players/c/cunnija01/gamelog/2016"
"397","Thomas Robinson","Thomas","Robinson","http://www.basketball-reference.com/players/r/robinth01/gamelog/2016"
"398","John Jenkins","John","Jenkins","http://www.basketball-reference.com/players/j/jenkijo01/gamelog/2016"
"399","Justin Holiday","Justin","Holiday","http://www.basketball-reference.com/players/h/holidju01/gamelog/2016"
"400","Dewayne Dedmon","Dewayne","Dedmon","http://www.basketball-reference.com/players/d/dedmode01/gamelog/2016"
"401","Jeff Withey","Jeff","Withey","http://www.basketball-reference.com/players/w/witheje01/gamelog/2016"
"402","Anthony Bennett","Anthony","Bennett","http://www.basketball-reference.com/players/b/bennean01/gamelog/2016"
"403","Ray McCallum","Ray","McCallum","http://www.basketball-reference.com/players/m/mccalra01/gamelog/2016"
"404","Seth Curry","Seth","Curry","http://www.basketball-reference.com/players/c/curryse01/gamelog/2016"
"405","Allen Crabbe","Allen","Crabbe","http://www.basketball-reference.com/players/c/crabbal01/gamelog/2016"
"406","Hollis Thompson","Hollis","Thompson","http://www.basketball-reference.com/players/t/thompho01/gamelog/2016"
"407","Isaiah Canaan","Isaiah","Canaan","http://www.basketball-reference.com/players/c/canaais01/gamelog/2016"
"408","Ian Clark","Ian","Clark","http://www.basketball-reference.com/players/c/clarkia01/gamelog/2016"
"409","Troy Daniels","Troy","Daniels","http://www.basketball-reference.com/players/d/danietr01/gamelog/2016"
"410","Mike Muscala","Mike","Muscala","http://www.basketball-reference.com/players/m/muscami01/gamelog/2016"
"411","Wayne Ellington","Wayne","Ellington","http://www.basketball-reference.com/players/e/ellinwa01/gamelog/2016"
"412","Phil Pressey","Phil","Pressey","http://www.basketball-reference.com/players/p/pressph01/gamelog/2016"
"413","Damien Inglis","Damien","Inglis","http://www.basketball-reference.com/players/i/inglida01/gamelog/2016"
"414","Elijah Millsap","Elijah","Millsap","http://www.basketball-reference.com/players/m/millsel01/gamelog/2016"
"415","Eric Moreland","Eric","Moreland","http://www.basketball-reference.com/players/m/moreler01/gamelog/2016"
"416","Tim Frazier","Tim","Frazier","http://www.basketball-reference.com/players/f/fraziti01/gamelog/2016"
"417","Cory Jefferson","Cory","Jefferson","http://www.basketball-reference.com/players/j/jeffeco01/gamelog/2016"
"418","JaKarr Sampson","JaKarr","Sampson","http://www.basketball-reference.com/players/s/sampsja01/gamelog/2016"
"419","Jerami Grant","Jerami","Grant","http://www.basketball-reference.com/players/g/grantje01/gamelog/2016"
"420","Devyn Marble","Devyn","Marble","http://www.basketball-reference.com/players/m/marblde01/gamelog/2016"
"421","Langston Galloway","Langston","Galloway","http://www.basketball-reference.com/players/g/gallola01/gamelog/2016"
"422","Cleanthony Early","Cleanthony","Early","http://www.basketball-reference.com/players/e/earlycl01/gamelog/2016"
"423","Johnny O'Bryant","Johnny","OBryant","http://www.basketball-reference.com/players/o/obryajo01/gamelog/2016"
"424","Tyler Johnson","Tyler","Johnson","http://www.basketball-reference.com/players/j/johnsty01/gamelog/2016"
"425","Jarnell Stokes","Jarnell","Stokes","http://www.basketball-reference.com/players/s/stokeja01/gamelog/2016"
"426","Russ Smith","Russ","Smith","http://www.basketball-reference.com/players/s/smithru01/gamelog/2016"
"427","James Ennis","James","Ennis","http://www.basketball-reference.com/players/e/ennisja01/gamelog/2016"
"428","JaMychal Green","JaMychal","Green","http://www.basketball-reference.com/players/g/greenja01/gamelog/2016"
"429","Jordan Clarkson","Jordan","Clarkson","http://www.basketball-reference.com/players/c/clarkjo01/gamelog/2016"
"430","Tarik Black","Tarik","Black","http://www.basketball-reference.com/players/b/blackta01/gamelog/2016"
"431","Shayne Whittington","Shayne","Whittington","http://www.basketball-reference.com/players/w/whittsh01/gamelog/2016"
"432","Spencer Dinwiddie","Spencer","Dinwiddie","http://www.basketball-reference.com/players/d/dinwisp01/gamelog/2016"
"433","Erick Green","Erick","Green","http://www.basketball-reference.com/players/g/greener01/gamelog/2016"
"434","Dwight Powell","Dwight","Powell","http://www.basketball-reference.com/players/p/poweldw01/gamelog/2016"
"435","Joe Harris","Joe","Harris","http://www.basketball-reference.com/players/h/harrijo01/gamelog/2016"
"436","Cameron Bairstow","Cameron","Bairstow","http://www.basketball-reference.com/players/b/bairsca01/gamelog/2016"
"437","Glenn Robinson III","Glenn","Robinson","http://www.basketball-reference.com/players/r/robingl01/gamelog/2016"
"438","Kostas Papanikolaou","Kostas","Papanikolaou","http://www.basketball-reference.com/players/p/papanko01/gamelog/2016"
"439","Bryce Cotton","Bryce","Cotton","http://www.basketball-reference.com/players/c/cottobr01/gamelog/2016"
"440","Norman Powell","Norman","Powell","http://www.basketball-reference.com/players/p/powelno01/gamelog/2016"
"441","Carlos Delfino","Carlos","Delfino","http://www.basketball-reference.com/players/d/delfica01/gamelog/2016"
"442","Toney Douglas","Toney","Douglas","http://www.basketball-reference.com/players/d/douglto01/gamelog/2016"
"443","Duje Dukan","Duje","Dukan","http://www.basketball-reference.com/players/d/dukandu01/gamelog/2016"
"444","Pat Connaughton","Pat","Connaughton","http://www.basketball-reference.com/players/c/connapa01/gamelog/2016"
"445","Luis Montero","Luis","Montero","http://www.basketball-reference.com/players/m/montelu01/gamelog/2016"
"446","Cliff Alexander","Cliff","Alexander","http://www.basketball-reference.com/players/a/alexacl01/gamelog/2016"
"447","Christian Wood","Christian","Wood","http://www.basketball-reference.com/players/w/woodch01/gamelog/2016"
"448","T.J. McConnell","TJ","McConnell","http://www.basketball-reference.com/players/m/mccontj01/gamelog/2016"
"449","Josh Richardson","Josh","Richardson","http://www.basketball-reference.com/players/r/richajo01/gamelog/2016"
"450","Marcelo Huertas","Marcelo","Huertas","http://www.basketball-reference.com/players/h/huertma01/gamelog/2016"
"451","Branden Dawson","Branden","Dawson","http://www.basketball-reference.com/players/d/dawsobr01/gamelog/2016"
"452","Darrun Hilliard","Darrun","Hilliard","http://www.basketball-reference.com/players/h/hillida01/gamelog/2016"
"453","Salah Mejri","Salah","Mejri","http://www.basketball-reference.com/players/m/mejrisa01/gamelog/2016"
"454","Aaron Harrison","Aaron","Harrison","http://www.basketball-reference.com/players/h/harriaa01/gamelog/2016"
"455","Lamar Patterson","Lamar","Patterson","http://www.basketball-reference.com/players/p/pattela01/gamelog/2016"
"456","Cristiano Felicio","Cristiano","Felicio","http://www.basketball-reference.com/players/f/feliccr01/gamelog/2016"
"457","Jimmer Fredette","Jimmer","Fredette","http://www.basketball-reference.com/players/f/fredeji01/gamelog/2016"
"458","Aaron Gray","Aaron","Gray","http://www.basketball-reference.com/players/g/grayaa01/gamelog/2016"
"459","Chuck Hayes","Chuck","Hayes","http://www.basketball-reference.com/players/h/hayesch01/gamelog/2016"
"460","Elliot Williams","Elliot","Williams","http://www.basketball-reference.com/players/w/williel01/gamelog/2016"
